subject1,subject4,subject5,subject6,subject7
-2.3248534,-1.1583099,-0.72772104,-0.009349823,0.43227178
0.51783675,0.6335641,0.164151,1.4266357,-0.65742034
0.8803444,-0.39490432,0.37402505,1.5320679,-0.7036405
0.25239563,-0.7447632,-0.008888269,0.24083786,-0.17884064
-0.2755009,-0.04136734,-0.2395111,-0.035401154,-0.7093369
-0.7177246,-0.034690857,-0.6472122,1.2203003,-0.7046444
0.17720008,-0.64738005,0.96833193,0.90343016,-1.4537414
0.44009703,0.086868666,0.5347229,-0.15048485,0.43538705
-1.4411987,-0.1928811,0.65259707,1.738794,0.051779937
0.58798754,-0.9815308,0.9048157,0.28851184,-0.2795887
0.36773223,-2.0307374,-0.04388733,1.0105705,-1.3139099
-0.7605438,0.59128416,0.36375886,1.1811008,-0.59892523
0.009565473,1.8770263,-0.08293495,0.21402912,-1.104126
-0.139328,-1.0795044,-0.40211487,2.1744263,-0.60382617
-0.42707404,-1.161869,0.111636356,0.24506226,-1.0509949
-0.34106046,-1.5588379,-0.31701145,1.1098068,-0.31217417
1.0429566,0.57314146,0.72402954,0.4995331,-0.03902092
-0.637471,-1.2695656,-0.0741127,0.8770386,-0.6785828
-1.4754028,-0.9889374,0.6546513,-0.35994512,0.5542946
-1.0576721,-1.2991089,-1.2218933,2.347339,0.8485878
-1.8005371,-0.28649226,-0.32273713,0.7428438,0.5694423
-0.22028475,-0.89732665,-0.7232563,0.09667482,-1.1006714
1.9868408,-0.115266226,-0.2575062,1.5816406,0.9522888
-0.58518946,-0.5534363,-0.6775543,0.7797607,-0.2764225
0.20341988,-3.5841308,-1.0599365,2.206128,-0.7342804
0.23589706,-0.2760276,-1.7579346,0.6272236,0.11030789
0.22040215,-0.52244604,-0.4440155,0.858,-1.9171631
-0.6278575,-1.4750977,-0.37651366,1.3650329,0.69369185
0.43514863,0.33203202,0.6071289,1.2400526,0.15777645
-0.8831657,0.57958984,0.021959018,-0.03343735,-0.179245
-0.22378883,-0.021677207,-0.4966728,0.48063126,-0.57869494
1.4877685,-0.7646545,-1.0883545,1.20625,0.96313477
-0.3278431,-1.362561,1.2662109,0.99146575,0.16590425
0.34309942,0.5591675,1.0549195,1.0893676,-0.5019409
0.16693744,-0.8827569,0.806599,1.0219758,1.583142
0.12044947,-0.84022826,0.5781086,2.4229736,-0.17805748
-0.10458727,0.19912644,-0.39297467,-0.74792176,-1.6178467
0.42851314,0.23346779,-0.44488716,1.5174134,0.051538467
1.3689209,-0.20625801,0.42797834,1.1643616,-0.4204279
0.54572487,0.05272446,0.46803054,2.4099853,-0.03503575
0.7124756,-1.6047852,0.13168497,0.18869953,2.4126465
-1.5321167,-0.523221,1.2885987,0.52132654,-0.5239668
0.31687316,-0.6225891,1.8540589,2.03833,-1.9310058
1.3026245,0.42169458,0.91861266,0.6556816,1.0846084
0.9976746,-0.6133083,0.24322967,0.4482153,-0.4429187
0.810907,0.64139634,0.1916596,0.65258026,0.16853543
-0.8569458,-0.5180756,1.5072266,1.2572784,0.17624578
0.2945362,-0.2833291,-0.41231307,1.1503174,-1.304486
-1.5959473,-0.38091582,-1.143866,0.8298508,0.09926045
1.430774,0.4122196,0.053412437,1.3537353,-0.40328178
0.16741486,0.27437744,0.74166715,0.7581825,0.7227373
1.026709,-0.6408264,-0.6206932,0.7704369,-1.2755629
-0.35540026,-2.4541504,1.0946045,1.7661377,0.3292221
0.07785535,-0.61395323,0.31279022,0.7777649,0.4288414
-0.2838421,-0.622229,-0.039268494,0.011604333,-0.6244343
1.4867798,0.87162477,0.3136322,1.107988,-0.5817851
0.40073127,1.772754,-0.008603287,1.3759094,1.646466
-1.1557739,-0.9821533,-0.0008386612,0.5455643,-1.9447266
0.7085611,-1.3954712,-0.26235047,1.0439148,0.62889403
-0.27535743,-0.33342284,0.85858613,0.73291034,0.7280022
-0.785614,0.7239975,0.87695616,0.25480348,0.22807303
0.6616821,0.9872559,0.0048389435,0.71908873,0.28327426
-1.1326904,-0.05045252,1.4574096,0.54324114,-0.80266917
1.5029786,-0.115420535,-0.70527345,1.4662231,0.28546515
0.26599503,0.46463013,-0.08995094,1.4870605,-0.959375
0.7239807,-0.87877876,-0.86536485,1.1099304,-0.3202134
-1.7022187,0.29570922,-0.09056549,0.70306396,-0.21062775
-0.1790165,-0.8316528,-1.364502,1.4333923,-0.31326753
-0.95426023,-0.15980415,0.042295836,1.1180184,-0.7477853
0.391951,-0.39808503,0.6099121,1.2895752,-1.0677643
3.3293946,-0.2524584,-0.08284149,0.90003663,-0.09298859
1.0317024,-0.7543465,0.47582632,1.12594,-0.46403122
1.6088378,-0.32720557,0.2117259,-0.45692778,-0.5500946
0.48956567,0.1856678,0.34855348,0.90799636,0.29821855
0.013012091,0.20564575,-1.0620849,0.7784033,-0.7184502
0.61308897,-0.056539156,-0.35826835,-0.22524032,0.10520935
-2.3201416,-0.50370437,0.51698303,0.98399657,-0.34819794
0.01319809,2.3800292,0.65762025,1.3131225,-1.4428467
-0.38149413,0.7060665,-1.6130005,1.4445114,0.3710327
0.8338318,-0.23470764,-0.37427902,1.2900207,-1.4149292
1.0772216,-1.1536071,0.13678102,-0.18422547,-0.27802736
0.10696983,1.0517762,0.620903,1.4038452,0.36578876
0.7065197,0.122378156,0.10236168,0.62141836,-0.071788445
1.2440307,1.5787964,0.5961641,2.3364015,-1.1464294
0.08471265,-0.3935814,1.2062012,1.1082798,-0.707135
1.1893921,-1.9820557,-0.057892464,1.768274,1.4644897
0.31482545,-0.27751312,0.33132973,1.2777771,-0.51727754
-0.24123994,0.3181459,0.052209474,-0.27167472,0.17212372
0.48529053,-1.8111572,-0.03716545,0.68572235,-1.3132111
-0.6190155,-0.25898433,-0.13546848,1.1078857,0.43227196
0.62611926,-0.6204773,1.2321656,0.30582982,-0.52505493
0.42517263,1.1585572,0.28360957,1.370044,0.06163168
0.07799397,-0.19086981,0.0033004761,1.229779,0.19125672
-0.77751464,-1.0037658,-0.38644588,1.0577042,-1.0115525
-0.4792282,1.0641358,-0.90026855,1.1341553,-1.1521702
0.96487653,-0.22679405,-0.64190066,0.08425293,1.6445557
0.15619747,-0.65608674,-1.4420288,1.7446045,-0.4819916
0.4542635,-0.9265137,0.14550705,2.2437744,0.8712662
1.4053589,-0.16889763,0.6419098,1.8538818,-0.8436691
0.11527252,-0.8958923,0.5749466,0.28605586,-0.06847496
0.49379882,1.3614013,-0.2539177,1.755542,0.34008485
0.42144147,-0.17623444,1.1934936,0.4092575,-0.49233475
0.3956646,0.1177969,2.269043,-0.09611893,-0.14356045
0.1499378,0.22630271,1.0198395,0.3935156,0.3669258
0.5504303,2.0986938,-1.6083984,1.5079346,-0.5385666
-2.1981933,-2.061499,-0.38860244,-0.26636392,-0.2815876
0.49021834,0.16606846,1.2260376,0.2176239,0.36838073
1.3697876,-0.08913422,-0.083385274,0.5683998,-0.75660247
-1.3458374,-0.12572555,0.6097717,1.2708801,-0.35190332
-0.20762329,-0.52501935,-1.5557007,0.8251465,0.28541908
1.6728516,-0.42426568,-1.0573028,0.4102215,-0.2961834
-1.0822006,-0.38809508,-0.017915344,0.9546078,-0.035629272
-0.20693731,-1.3585236,-0.18358764,0.36390838,0.2316062
-1.182257,0.029974079,1.164563,0.18105087,-0.40519103
2.1852539,0.04496956,-0.271766,0.113086894,0.02482376
-1.6585205,0.63024646,0.89278567,2.0892577,0.2533272
0.5665245,0.5745344,-0.5550537,0.2529564,0.33096778
-0.9374275,-0.9168579,-0.33417588,1.0099732,-0.015551758
-0.10119629,-1.3683472,1.2932861,1.261084,-0.9006866
-0.9053528,-0.7157227,-0.2295227,1.8942627,0.4687538
0.37004548,1.243573,0.45976868,-0.037916254,0.52339137
0.010573959,-1.4614502,1.6513916,0.7272003,-2.348999
-0.6035736,-0.49317017,-1.8216919,1.7625,0.19317742
-2.513965,0.4924942,0.5208454,0.24561958,0.26014405
-0.0990715,-0.026686097,-1.5010498,0.92702025,-1.1667831
0.1638153,-0.32759628,0.7465973,0.5042694,-0.5894825
0.033838846,0.37029934,2.1465576,-0.1948944,-2.3532715
1.1686016,-0.3568348,1.2793518,0.08183174,-0.30774918
0.33802873,-0.7691757,-1.0237,0.42064977,-0.45112532
-0.3872612,1.3528875,0.48511067,1.2424622,-0.26865157
0.6224409,-0.53134763,0.8942749,0.97921145,-0.1163096
-0.7868763,-2.0231445,0.42710504,1.2836792,0.57727623
-2.0219727,0.5481232,1.0799316,-0.37029344,-0.27618274
0.5110504,-0.0827194,0.19634743,1.4185425,0.7956711
1.392102,-0.35666087,1.5982482,1.2131592,-0.29465026
0.25324935,0.30422363,0.59649503,0.4059906,-1.3678955
0.3214,-0.010509213,-0.14034767,1.9269898,-1.122174
0.29235038,-0.72676694,-0.55225486,-0.029274274,-0.45020446
0.7805824,-0.3839628,1.0608032,0.69031024,-0.40631407
0.4987648,0.4365692,-0.81792754,0.55808413,0.64036596
-0.21962051,0.6008881,1.5452026,0.4881401,-1.2696762
0.28938255,-0.09485264,-0.101428986,1.2366943,-0.09882355
-2.28855,0.8999817,-0.77455443,1.2256225,0.015707398
0.5847046,0.25258332,1.0065823,2.0398192,-1.184961
-0.47653848,-0.035247244,0.74239504,1.7553467,-1.9553711
-0.39160308,0.051820945,0.10684357,0.63857687,-0.130056
0.3104488,1.0925903,-0.5210487,0.59682685,-0.5477802
0.20823517,-1.492218,0.42325687,0.24726944,-1.3517945
-0.91489565,-0.91049814,-1.2328613,0.5133234,0.9683167
1.2390991,-0.14903244,0.70517576,-0.18572553,-0.06560451
1.4273803,1.2491333,0.8838171,0.44816476,0.023953248
-1.5221558,-1.0977417,1.6358277,2.4200196,0.15879211
0.78145754,-1.3435547,-0.9175293,0.2891012,-1.0027587
-0.7435118,-1.0244179,-0.94970703,-0.10029306,-0.6632164
0.041078188,-0.651358,0.8093201,0.662729,-0.47485963
-0.3765599,0.26478404,-0.70615995,1.2870972,1.8370483
-0.1538147,0.4798134,1.6093994,1.2918015,-0.28989258
1.043164,1.4289551,0.18200989,0.057653047,-0.17792101
0.35949707,1.447818,0.527784,0.38183746,0.87810975
1.6037476,-1.4170166,-0.7416932,0.013960552,0.52713966
2.3706543,-0.040556893,1.453064,-0.19773178,0.19308929
0.6480835,0.40031585,-0.6029419,-0.20858002,-0.28472823
-0.3381874,-0.913047,0.15146713,2.1901612,-0.42411613
0.36660767,-0.6518723,-0.3104332,0.80292356,1.7235107
0.7337471,0.107522584,0.20565876,0.6838638,-1.8210449
1.0698944,0.57423174,-0.39814416,0.2299755,-0.15998697
-1.167627,0.38444385,0.11581192,-0.31554332,-2.0181642
-0.60230714,0.4749733,-0.3725194,2.1273804,-0.81664884
0.5870882,-2.0850844,0.5440033,0.9868286,-1.0378479
0.23098508,0.95298845,-0.20140114,1.5166916,-1.0178559
-0.34470367,-0.68557435,1.3392578,0.94960374,0.5415497
0.25984755,0.25035858,-0.90956116,-0.32429725,-0.8701599
0.1311119,0.660803,0.29251593,1.7390137,-0.50066984
-1.4189942,-1.2311523,1.0344727,0.17440872,-0.88327634
1.0606811,0.85961914,0.5757629,0.22986326,0.039360426
-0.9333374,0.45466653,-0.59420145,1.4973389,1.372937
0.7076111,-0.28650436,1.5378234,1.6496826,-0.14234953
0.9264862,-1.4128784,-0.25816497,-0.1746151,1.7047608
0.3777298,0.12434459,0.025715638,0.9177307,-1.2811401
-0.77260745,0.8821808,0.16385296,0.16465911,0.47589645
-1.0826416,-0.537027,1.3926513,1.4171264,-0.6891979
-0.08655415,-0.4809021,0.4190155,1.29517,-0.4755045
-0.44128188,-2.5542235,-1.448645,1.6387695,1.4578063
0.533371,0.7195679,0.68643796,0.87162554,-0.78174055
0.83609927,0.47558826,0.4990631,1.8640869,0.09325676
-0.1180254,0.9681732,-0.32948798,1.162851,-0.5852951
0.6136986,-0.99006957,0.24471207,-0.4336377,-0.6514343
-0.8046471,0.22438201,-0.18902282,1.3795288,-0.08099766
0.2827217,-0.47865754,0.28885365,1.50802,-0.7774292
1.556311,-0.3571431,0.7326172,1.0626984,-1.0264591
-0.70727694,-0.50487787,-0.03692789,1.6404297,0.11505184
0.30597323,0.15779853,-0.2610485,0.50910914,0.8396759
-0.7592888,-0.20506224,-0.86842155,0.05846138,-0.93122864
-0.3120083,0.16071777,1.4464111,0.38347778,0.30378723
-0.4067627,-1.5175171,0.47665864,0.84216464,-1.7721802
0.23447475,-0.17184925,1.2816772,1.2198731,-0.24515533
-0.20453033,0.55723035,0.095755,-0.14106293,-1.3817444
-0.49246216,-0.38280028,-0.07888947,1.0569198,0.17257328
1.5428956,-1.6216362,0.47055894,1.0429112,0.14275017
0.21898822,0.8721274,0.32103425,0.5727043,-1.6929932
-0.28537083,-0.48175812,1.8342774,-0.24700317,-0.094734766
0.5871414,0.014157295,-0.14069271,1.0271728,-0.42254162
-0.5462273,0.83061826,0.1141489,0.90693057,0.100566104
0.15859184,-0.012413025,-0.59325254,0.23980999,-0.3603253
0.2801544,1.7302002,1.0910095,1.1705201,-1.1450317
-1.5434449,0.49736366,-0.37327594,1.9871337,-0.99938357
0.008473205,0.0522316,-1.8877137,1.390454,-0.19219247
0.7101868,-2.8641846,-0.83970946,0.5674461,-0.36388397
1.318457,0.19249114,0.13335828,1.0843933,-0.1361701
0.28847772,-0.09988022,0.16064782,0.81404364,-3.0114746
-2.7036865,-0.99477994,-0.23224792,0.6683105,0.07881699
0.26506346,0.22517052,1.144275,1.2786865,-0.2658085
0.60498273,1.0927124,2.1110108,1.523523,0.846768
0.8076538,-1.9005493,-0.8585571,1.5828797,0.19351025
-0.895578,-0.9564562,-0.08020314,0.3491927,-1.323816
-0.6659424,-0.10695038,0.16322128,1.5244141,0.34039307
-0.49669343,-0.2976759,2.0530639,0.6622925,-0.24055032
-0.45595533,-1.3459228,-0.9435364,1.4225953,0.56177825
-0.20097522,-0.74599844,-0.89550704,1.0715821,0.9097229
0.73032415,-0.027888488,0.8072464,1.0180848,0.55479586
0.92287445,-0.54067457,0.9716774,-0.021625137,0.16604829
-0.33687982,-0.37854308,0.40695,1.2292435,-1.9872315
0.8011414,-0.158325,0.089705646,1.6850586,3.0644531
-0.6136414,0.20044632,0.1173645,0.8556641,0.35277843
-0.5964986,-0.7945652,1.0946071,1.051058,-0.66662294
0.9388977,-0.18839855,-0.28990746,-0.4811325,-1.5234985
-0.361026,0.51687735,-0.7874756,1.5391357,-0.9056457
-1.0006958,-0.2719468,0.48129272,0.48555908,-0.7429352
0.6150047,0.14153099,-0.3812298,1.2409801,0.4584549
-0.33183613,0.70249635,-0.6042873,1.5339111,-0.36864012
-1.645874,-1.0257019,0.5185547,0.4931651,-1.5854309
0.062230658,-1.1681225,0.6796936,-0.47265548,-4.8336425
1.1716003,-0.51451874,1.0710205,0.6012894,0.5738327
-0.2580185,0.4931755,-0.44214422,1.3546623,0.03534756
-0.058628462,0.046238422,1.4039307,-0.12774277,0.36532897
-0.5892559,0.05615232,0.6020279,0.63572913,0.72786105
0.2929592,-0.1398819,1.770044,1.1172867,-0.4722244
-1.4415405,-0.5092672,0.15220423,1.0681295,1.5978394
1.0795944,-0.9083374,0.6993561,0.7334595,-0.40557402
-1.4802368,0.09410896,0.25915375,1.2275574,0.22906342
0.1502388,-1.4954132,-0.38302803,0.67351615,-0.27669698
-0.1095417,0.40444946,1.3507344,0.08991232,-2.193994
0.66836244,0.41544646,-0.524382,0.7505187,0.09304875
0.8621429,0.3307785,-0.84331053,1.2505004,-0.2513887
1.1947143,-0.2631796,-0.49903566,0.71649015,-0.06349945
-0.067510225,-2.4021974,-0.026969338,0.82158506,-0.3919898
-0.15412445,0.25695667,1.95979,-1.6425476,0.35466614
-1.1158787,1.073468,0.92671764,1.1998017,0.32215348
-0.8438269,1.7559326,-0.9277466,1.2114624,0.70148313
0.34076327,-0.014846993,0.19960937,1.5253906,-0.23469658
0.14223805,-0.220335,2.833252,-0.12415209,0.110305786
0.013396835,0.34132615,0.20935325,1.3044678,-1.034668
-0.10263596,-0.08928299,0.27204475,0.52460176,0.19248123
1.6479981,0.3391323,0.048744727,-0.2333786,1.2685791
-0.23188093,1.1123536,0.48039016,1.7582397,-0.4763318
1.0981156,-0.2621376,0.11874733,0.47124642,-0.74361575
0.6713947,0.12670669,0.4515833,1.5103979,-0.43618584
0.036684513,0.48605958,0.45241317,0.71609277,0.5054005
-0.50546265,0.08372078,-0.25028306,1.1720642,0.06391525
-0.1333168,0.16036859,-0.32175177,0.8840483,-0.7788521
-0.5242691,0.31019783,-1.2353516,0.9183649,0.99825037
-0.17525367,-0.232753,1.1907593,1.7609375,1.0378573
0.63072205,-0.09775486,-0.107876584,0.44823456,-0.26667252
0.95532227,-0.28961906,-0.16230306,1.3353393,-0.963385
-1.5949097,0.68404543,0.8836788,0.43912506,-0.4276212
-0.21404305,-0.26915187,0.42085952,1.7641602,-0.32112733
1.1090149,-0.5440582,0.14952698,-0.6116274,-0.33464983
0.012305116,-0.55676115,-0.5720886,1.1445739,0.67804563
0.34037024,-0.805957,-1.001992,0.7851807,-2.5268555
-1.611853,-0.4972294,-1.4441223,-0.43966484,-0.04110832
-0.67977905,0.6201885,0.7884094,1.0175171,-1.2925476
0.49753037,0.3652609,0.6642771,0.8624954,-0.31685996
0.39363384,0.32047033,1.1833007,0.44170982,0.84640676
0.13363285,0.056292914,0.6583115,-0.46588582,-0.2588025
0.84943235,-1.2590332,-0.80106276,0.35409775,-0.30951995
0.47854334,-0.6054481,-2.146356,0.6766113,-0.89881593
-0.5361603,-0.39908808,-0.5850433,0.09265594,-1.5775696
0.17723218,0.07037854,-0.5657013,1.1879272,-1.0813293
-0.18333359,-0.9364746,-0.312195,1.0468506,-0.5916378
0.34006357,0.32282448,1.0602417,0.9188385,0.41138783
0.23462062,0.52939844,1.8833984,0.2410202,-0.30159912
0.38054103,0.31041184,-0.44255906,1.207798,-0.31333223
0.20645133,-0.25920182,1.9815185,1.4555786,-0.07558785
-0.56258696,-1.3093078,0.8788506,0.5118545,-0.43250084
0.36007842,0.40125275,1.2859863,0.7156359,0.5318877
-0.73548734,-0.7544466,-0.44095764,0.07664108,0.9286102
-0.10086926,1.0791016,0.0424469,1.0856041,1.3695214
-1.2490402,-0.46474153,-0.71261674,0.4339119,-1.290158
0.18449669,-0.3870701,0.07667027,1.7990478,-0.76616514
-0.86248815,-0.018247867,0.86612546,0.22718048,0.5219879
-0.42876244,-1.4660339,-1.3176117,1.6785523,0.06437378
-0.49783936,-0.24825516,-0.5826889,1.0097084,-0.9888977
-0.18232879,-0.42755812,-0.4266674,0.009198761,-0.11515622
-0.35748443,-1.847168,0.18536834,0.35024643,-0.5217042
-0.8587713,-0.5853699,-0.22921982,0.7093628,-2.5556152
-1.467688,0.5210358,-0.5939209,0.24550553,0.032058716
0.8122864,0.27688178,0.44066468,-0.7715141,-0.79643553
-0.061347198,0.7503227,1.5289978,1.1051025,-0.43981782
1.3941529,-0.5292835,-1.3792251,0.6184357,0.1406372
-0.20004769,0.55819094,-0.13136216,1.0487305,-0.31467143
-0.79236716,-0.34757215,-1.2195991,0.60128134,0.320319
-0.77895355,-1.8702164,0.6443054,1.4463928,-1.8950927
0.10149727,0.48735476,-0.121129796,0.75555533,-0.61886215
0.74015963,0.29810944,-1.3838745,0.34076053,-0.5715259
-0.11809883,0.6826253,-1.4134033,1.7592735,0.3333826
1.367102,1.1228759,0.51658267,1.682196,1.3494934
-0.46634007,-1.443393,3.8283691,0.550331,0.13130125
0.9515503,-1.7798828,0.5774628,2.321753,-1.5927246
0.6588623,-0.11281662,1.5328125,0.30299932,1.6395508
-0.26984176,0.23261967,0.28129578,0.18728009,-0.7318533
-0.0037654876,0.020042801,0.16352883,2.5189407,-0.08783074
1.4577881,1.9408448,-0.93199766,1.0211823,0.9291832
-0.6929779,0.43245372,-0.84996337,0.27088434,-0.21130523
0.71760714,1.0933872,0.29851532,0.5060622,0.69012296
-0.40140477,-0.4889702,-1.4646118,0.13934556,-0.44492188
-1.4949707,0.86417025,-0.29584923,-1.8364624,1.7445068
-0.26433888,-0.26385936,0.15802231,2.062732,-1.3631347
1.663908,0.0657465,-0.03321228,0.8453156,-1.8398072
-1.2868866,0.64229745,2.2408447,1.5904052,-2.3969483
0.8402039,0.309556,-0.13561678,0.54663694,-0.75236356
-0.7221985,-1.1867859,1.3115234,0.61027604,0.85868835
-2.3500733,-0.8535274,0.27535552,-0.031072998,0.52001685
-0.2560688,1.1601684,-0.9025284,0.060445406,-0.18597718
1.0021057,0.83001137,0.5886551,1.2450151,-0.283432
0.9983579,-1.8997864,-0.3154045,1.0942707,-0.016295623
-0.6347534,0.11849518,0.16149712,2.1392944,0.43690777
0.43640748,-0.9623291,0.149228,-0.19116059,0.20997529
0.49681768,-0.24250183,-0.45662156,-0.23520383,-0.92860985
-0.118960574,0.9615234,2.0515625,2.0268555,-1.2050323
1.1686646,0.22134343,-1.0842285,0.03194847,0.5337868
1.2377564,-0.67732775,-0.7402935,0.9998047,-1.8990113
-1.0396035,-1.4075654,-0.013326263,0.75293946,0.13040295
-1.1916015,-0.16985397,-0.088544846,2.1222901,-0.8862518
0.0640749,-0.04141569,2.0214844,0.54341733,-0.7734558
-0.36345655,1.2070023,-0.50317556,0.8224247,-0.30031386
0.50125426,-0.04139366,0.87783813,0.88193053,1.1008972
0.4568138,0.09499645,1.1189941,2.4180908,-1.6144898
-0.15749101,-0.3733101,0.38005447,0.5401646,0.55816305
-2.1400146,-3.1015136,1.0306518,0.9744781,0.017468309
-0.12603474,0.15590668,0.40380555,-1.0254532,-1.1360946
0.47070694,0.6392849,0.8303131,0.39038467,-1.6586548
0.9743225,1.648436,0.73519135,0.18356629,-0.7420603
-0.32623234,0.83302766,0.7446457,1.3865967,0.31428367
-1.1351502,1.0592773,-0.106806375,1.1989892,0.8550354
-0.2534232,-0.17451215,0.6645554,0.5081727,-0.034895517
1.1808593,-0.92183113,-0.10684462,0.92366946,-1.6008422
-0.94251096,0.43428382,-0.27456665,1.0405881,-0.16598777
1.148764,1.3738006,0.59848785,1.5688813,-0.37360525
-0.21937104,-0.22227637,0.2901762,0.22209664,0.45789948
0.03328533,-1.0424073,0.2761692,1.6332886,1.0136048
-0.7999939,-0.7227936,-0.2651561,1.2887634,-1.1295516
0.31157914,0.114230156,1.9089844,1.6475716,-0.19445877
0.11822052,0.22434425,-0.894046,1.0602503,1.1092346
-1.8937378,-1.1539627,-1.1761109,-0.018370818,0.69279784
-0.5119217,0.46031585,0.28580475,-0.29209405,-1.1757202
1.1241577,-0.99296725,0.32268792,1.0697067,1.0619957
0.63640136,-0.5264435,1.8099121,0.7350971,-0.05309677
-1.9285157,0.021147942,-1.1377442,1.2133789,0.5312088
0.412508,-0.85400164,1.4368378,-0.7362747,0.7010042
-0.92322385,1.3070923,0.44494027,2.1483643,-0.24737033
0.39134446,-0.40886497,-0.4961609,-0.1509817,-0.59629095
-1.4371094,-0.44702435,0.7991058,1.8089844,0.9196823
-1.4871582,-0.7655395,0.2952736,-0.042158484,-0.9864624
0.5572998,-0.65401614,-0.036055755,1.1583517,-0.6925537
2.5487792,0.4475401,-0.07121487,-0.7767215,-1.4362848
-0.4582405,-1.1231323,-0.814682,0.73651016,-0.5068039
-1.7145996,0.70894086,-0.052101184,0.6451756,0.4149521
1.0403931,0.11121559,-1.5559765,1.5013506,-0.45834756
-0.7930069,-0.26838723,0.7219292,1.1178162,0.8244171
-0.24160843,-0.6393204,-0.0618248,2.2900748,0.25372678
1.9396728,-0.41895685,0.50207824,0.29506722,0.9976562
-0.02175789,-1.0380661,-0.8385681,0.5349808,-0.22174764
0.2878151,0.23075156,0.6915471,1.7592773,0.3464695
1.6251099,-0.27193183,-0.13340607,0.68526375,-0.2583248
-0.50729907,0.39123496,-0.17544612,0.295961,0.2519881
-0.8425827,0.38578302,-1.636377,-0.19629173,-1.1247985
-0.17554474,-0.28092068,0.050675105,2.4763427,-0.55581284
-0.15455094,-1.8975341,-0.61170197,0.6112541,-1.0820984
-0.10879173,-0.39367324,-0.7490694,0.9095535,-1.0412362
-0.9394287,-0.39357048,0.06462936,0.46412182,0.43852156
2.019214,-0.7977648,0.79951555,1.7062256,0.14701653
0.7809738,-0.40276057,-0.99243164,2.4946532,-0.41914368
0.85758734,-0.05143547,0.27445373,2.3411376,-0.68237
-0.7566086,0.4232544,1.3737915,1.2252686,-0.72898483
0.71096593,-0.40832406,-1.333142,0.67379797,0.11432686
0.6159302,-0.18022117,-0.26349247,1.6743408,0.3454494
-0.008887482,0.2750469,0.12828083,1.3498038,-0.05729103
0.464904,0.5114136,-0.12889186,1.0739743,1.1192901
-0.072665595,0.6560532,1.2653443,0.44275266,-1.0573524
2.0644531,0.29078215,0.7267822,-1.4659913,0.25982553
1.5563599,-0.43261376,-0.9700378,0.74481505,-0.3396082
-0.10330572,0.119381145,1.2492489,-1.0217743,-0.17915955
-0.87017745,-1.2059021,-1.080835,-0.008577729,-0.22733288
-0.21837159,0.1345911,0.48889655,1.4030339,0.90739745
-0.04062109,-1.2728882,1.4198513,1.1013969,0.08344831
0.51944125,0.12513772,1.1817749,0.51728976,1.0382202
1.5340881,-1.1793091,0.6705902,0.8648235,0.57125247
-0.22338179,0.5789856,0.64177823,0.4995245,-0.48003158
0.7010498,0.23196602,0.13114697,0.4748562,0.71206874
-0.6833626,-0.45758075,5.0429688,0.05750809,-0.09565163
0.5613457,1.1141937,0.09244537,-0.038250733,-0.96641845
-0.12292163,-1.7131348,-0.84486085,0.16263886,0.0715127
-0.04294815,0.74281615,0.19084616,1.0757325,-0.4147663
-0.14135158,-0.025590515,0.009169245,0.84630126,0.94723284
-0.5890198,-0.3991662,1.3650017,0.8105957,0.17803743
0.24062738,0.15097503,-0.55998486,-0.9439499,-0.41020203
0.26653785,-0.4057436,-0.7592651,1.7997315,-0.23111343
-0.43138734,-0.9142332,0.5070602,0.15265599,0.07820363
0.71993715,1.3955078,0.11948776,-0.33530426,0.7212604
0.040242482,-1.1181946,-1.0976746,-0.03457289,-0.1932312
-0.2526782,-0.44580716,1.8714844,0.62225837,-1.5348755
-0.65789795,-0.038214494,-0.38201523,-0.64723605,1.1705567
0.4915554,-1.7380829,0.48973542,-0.7229813,0.14934006
-0.98254395,0.66281736,-0.39974442,0.48956984,-0.12693855
-0.61759645,1.5972779,0.8063965,0.17881927,-0.61022073
0.48486328,-0.44959992,0.2843868,0.9734163,1.1943687
0.8156174,-0.56822145,-0.50704956,-0.12126474,-0.8631226
-1.5198975,0.32098848,0.20317478,1.3705566,-1.5263977
0.5375395,0.08903084,0.10485802,0.40884477,-0.39096588
-0.4835182,-1.9967285,0.28765067,1.3648255,-0.7164871
1.1569703,-1.4128662,-0.7527199,-0.05480957,-1.808728
-0.45997772,-0.004888153,-0.58751094,0.150601,-0.04244232
-0.2004528,0.38451844,-0.14735237,-0.054085363,-1.3731079
-0.17408028,0.07294979,0.34332886,-0.7716934,-0.6522568
0.38765335,-0.4597145,-1.201648,0.39018923,-0.6704048
0.3965496,1.3384521,0.8947815,0.72218096,0.49645537
0.79722387,0.9561523,0.6713669,1.1887238,0.30968744
1.0628357,-0.49165574,0.09735136,1.6293213,1.2833115
-0.62129974,-0.6240784,1.8630127,0.29193878,-0.25762177
-0.11170654,0.6964714,-0.111163616,-0.40323678,-1.5766968
-0.15401688,-0.05955372,-0.20070763,0.24204788,-1.2854248
-0.47933045,-0.37366638,0.9447296,0.856847,-0.88018644
-0.3605528,0.5984436,-0.6177521,0.67881167,0.829731
-0.018487548,-1.5988586,-0.08936852,0.63109666,0.56503904
-0.45475635,0.10495186,0.12761192,0.14147758,0.77699643
-0.9044897,-0.04710312,0.09760976,0.22771263,0.5328854
1.7247314,-0.63997954,1.1897278,0.46027794,0.22032852
-0.16813965,0.6391754,-0.23640165,0.15567017,-1.3377883
-0.26412597,0.12988892,0.28270644,0.23151913,-1.9016845
-0.462323,0.5245907,0.5096161,0.7013279,-0.017851258
-1.3221314,1.1113526,1.0121338,2.0030274,1.0740284
0.24594268,-0.89091796,-0.68349,0.5582245,1.408252
-1.2369629,-0.63549197,-0.4583847,1.0227798,0.15335055
0.15225506,-0.5697563,1.3406128,0.022251893,0.99057615
0.7539848,1.3035675,0.06939498,-0.21728821,0.3109913
1.5387757,0.0015482425,1.580603,-0.69614947,-0.021178436
0.51460683,-1.2327973,1.1016724,0.42954636,0.5032501
-1.4116211,-1.096521,1.2307739,0.96267927,0.50437754
-1.4668701,-0.45098573,-0.62265205,0.9778137,0.16729507
1.2767944,-0.96543884,-3.0945556,-0.026005173,1.2729553
-1.7042968,-2.9016356,1.4668907,0.51766163,-0.25426635
0.5532379,0.7403259,0.7702583,0.41940013,-0.28425446
0.6567606,0.6346741,0.34084892,1.8266602,-0.49959832
-0.45705566,0.101588055,0.50420886,1.2946945,-0.8500536
-0.85871965,1.7935302,0.8677422,1.0836365,-0.99823
-0.7264404,0.66567963,-0.22816744,0.81289893,-0.6146606
0.8789307,0.2869069,0.6835245,0.30994207,0.008242035
0.0826906,-0.43797454,-0.10176697,2.3103027,-0.91900635
0.44312763,-1.1497529,-0.6503662,0.17011662,0.82764643
0.5403221,0.08960457,0.6699268,1.5406983,0.16316423
0.7838501,-0.72636414,0.7248322,0.29960212,-0.4092369
-0.55060273,-0.3763978,0.46434098,-0.22356358,-1.1050537
1.3424683,0.43292695,0.45597228,-0.9477173,0.17602177
-0.733609,0.23343658,-0.9487793,0.39046478,0.10422716
-0.48993224,0.19516373,-2.0454469,0.72652054,0.3889676
2.0560303,-2.2135499,-0.045241952,0.96058655,0.100971505
1.5360839,0.395471,1.895581,1.1923958,-0.88543093
0.5115975,0.10795593,0.93953246,1.6096191,-1.9318359
-0.45041752,-1.3164065,0.8233368,0.98112184,0.008467627
-0.231456,0.4424246,0.77907926,0.96740115,0.6098948
1.4055665,-2.9180665,-0.22171974,0.21366271,-1.0214722
-0.11613693,-2.3678222,0.16136055,-0.0039970637,1.5793213
-0.30017242,-1.0377563,0.4564045,1.0864685,0.32501602
-0.5284907,-0.55075145,1.0499146,0.048540115,-1.1150208
0.6682981,-0.17777404,-0.58963317,0.8651123,0.10257721
-0.36138114,0.86137694,0.7710644,-0.6686271,-1.4204686
0.4317035,1.8424561,3.0219238,0.6379413,-0.7508507
0.49682158,1.8069336,0.478566,0.5609211,-1.5312989
-0.6764358,-0.12212765,-0.33701426,2.2693238,-0.45520705
1.3605957,0.8221558,0.35267943,-0.33880728,-0.40333635
-0.8259827,1.4546143,0.6061104,0.91878396,-0.16306266
-1.2361816,-1.1657959,0.8260605,-0.21648178,-0.0053062914
0.9758789,1.0670655,0.6946945,1.4703827,-1.8753418
1.0162216,0.27234954,0.8197082,0.14076118,0.45288354
1.0132046,-0.109875485,-0.028030682,0.77012634,-1.1655105
0.42467347,-0.45640564,0.27692643,1.6330566,0.16618577
0.55704767,-1.9551026,-1.2123779,-0.3714691,-1.3097245
-0.7714264,-0.40517578,0.7690979,0.4997627,-1.0204284
-0.48283386,-1.4625428,0.68475646,0.39045793,-0.20350304
0.92499083,-0.7121426,0.57967895,0.4549694,-0.18902473
-0.118085764,-0.7705902,-2.4399657,-0.15152435,-0.51149714
1.1395142,-1.7562988,-0.9499483,0.3965382,0.82874453
0.7441772,-1.5658935,-0.7316437,-0.44184837,-0.9456085
-0.15696566,-1.4118286,-0.18157348,0.14408112,0.84205323
0.42930335,-0.6370846,0.25056687,-0.8786751,-0.5425644
-0.043278694,-0.587735,3.0416749,-0.509021,-0.27324924
0.19303808,-1.6959473,0.9966873,2.1380248,0.9457344
-1.0285875,-0.95858157,0.34633666,0.6758601,-0.37848434
1.2235718,-0.7034378,-0.7961731,1.3285644,0.84096754
-0.35541764,-0.2352787,0.29605484,0.2920639,-0.5180359
0.6357628,0.43249112,0.5332817,1.0090271,-1.0929534
-0.7232292,-1.6500847,1.7823365,2.4312744,-0.62382203
-0.31959954,0.33557528,1.3385254,1.1333206,-1.283485
0.8141739,1.3881134,1.8308471,0.7496765,0.50572205
-1.7716553,-0.7809967,1.272937,0.988385,-1.0804688
0.45452404,1.4220123,-0.7829819,0.08539657,0.17564544
1.0104309,0.025013734,-0.14701863,1.4300537,-0.144395
-0.059724808,0.10682984,0.9414673,0.36021462,-0.17779502
1.3598999,0.5544152,-1.0736023,0.71721804,0.056544494
1.784082,0.8223831,-0.2437584,1.4657959,0.42883453
-1.561792,-1.6579224,1.5962524,0.7177731,-0.56395495
0.4846756,-0.36506003,0.13037185,1.2071044,-1.3186309
-0.107859135,0.88842773,0.97476804,0.1489521,-0.66227263
0.13757381,-0.50070286,0.76377946,0.38388976,0.9591675
0.7874405,-0.13184205,-0.17093948,1.2775695,-0.10600929
-0.8601036,-0.7615784,0.10854578,0.60792845,2.544043
-0.37253588,0.53328055,0.017115783,1.5587463,-1.1327881
1.4132446,-0.8033775,0.6139771,1.312465,-0.43381196
-2.2661622,1.1430115,0.740699,1.0282929,-0.9468201
0.6753197,1.1261612,0.51481324,1.825,0.055149842
-0.2867221,-0.18807831,-1.0216186,0.73459053,-0.6348545
0.42938042,-0.35658416,-0.9166504,1.0548706,-0.4943695
-1.1475098,-2.7974854,-0.36423033,1.3804779,-0.26947284
-0.519489,1.2287964,-0.46118793,1.575586,-0.9068593
-0.47693577,-1.4189942,0.5582306,0.013630676,1.735913
1.0097767,-1.12911,-1.4000394,-0.41475406,1.7223877
-0.48932725,-0.24440312,-0.24780826,0.50666887,-0.6519165
0.26970214,-0.1338295,-0.07263432,0.9403976,0.017098237
-1.2728367,-0.3585477,0.5981615,1.5887085,0.46068725
0.5004082,-0.11412354,-0.14342764,-0.4025301,-0.7959605
0.126116,-0.14016685,0.42123643,0.70811766,0.0008301258
-0.59292907,-1.8849853,0.8858124,1.1950165,-0.51402223
-0.37867126,0.64094734,-0.46259767,1.0582571,-0.27838627
-0.9019295,-1.0143372,0.09711075,0.9576044,-0.59225196
1.1665634,0.353125,-0.012417602,0.41031972,0.5636522
0.18216094,-2.2156005,-0.24424562,0.14200172,0.36947402
-0.26926127,0.22297326,0.69269514,0.5292042,-0.95362246
0.25319824,-1.5818421,-0.19364366,0.21411872,0.53066367
0.9684723,-1.186486,0.8347012,2.0049195,-0.6984102
0.5022125,0.23694687,-0.4354314,2.3177063,0.120878026
0.6931024,-0.03616663,-0.8950844,1.1638244,-0.17880821
0.5406395,-0.55890197,1.0991943,-0.36273348,0.23483407
0.20523663,-0.56994516,0.33827728,0.60171473,-0.9328583
-0.6487709,-0.85532457,-0.63514405,1.5312866,-0.0076223374
-1.3421875,-0.8818153,-1.303952,1.1776367,-0.47947273
-0.9592041,0.5032355,-0.044171143,0.52042234,0.6200539
-0.24317475,0.13121423,-1.1093658,0.7517727,-1.0682418
-0.48484764,-1.314148,-2.5700927,-0.124507904,0.27495605
-0.20992728,0.98359376,0.5662674,0.9674946,-0.0638686
0.7104004,-0.19820133,-0.25860327,0.9800598,-0.19062653
1.0275147,-0.08573475,1.3443359,0.008548737,-0.009567452
0.52598,0.7957649,-0.39149514,0.2890152,-0.49079514
-0.43821526,0.77216184,-0.4298584,0.19885454,-0.009971619
0.015803432,-0.93542176,0.84191895,1.258899,0.114482686
-0.9855896,0.9673172,-0.23406486,1.3014648,-1.0863922
-0.7463608,-0.4803543,-0.5138052,0.56309354,-2.1295166
0.29948235,-0.40613633,-0.92802125,1.4618042,-0.17697687
-0.9684265,0.68921506,-0.6809189,1.244043,1.0260742
-0.33770227,-0.30086213,-0.3614708,0.756601,0.49723357
-0.5157448,0.62664187,0.6081406,1.1477295,-0.71584016
0.5623945,-0.063744485,1.0402282,1.3342651,-0.6702795
0.6668755,0.5236518,1.4994628,0.79516757,-0.5136894
0.12853813,-0.24581909,-0.15340777,0.33372575,0.36124498
-1.4380982,-0.34971008,0.536296,1.0542637,-2.454799
0.8990906,0.8668701,-0.14670458,0.989576,0.8607184
-0.18518516,0.45217627,-0.8221008,0.72594297,0.717099
-1.5914795,0.6135498,-1.0501587,1.1302369,1.5656372
0.49435234,-1.5368774,0.073287204,-0.79291075,-1.6084839
1.3486694,0.7853333,0.3975961,1.0063841,0.5832985
0.32894933,-1.283551,0.7749777,0.3717087,1.2884156
-0.00030435325,-1.8583171,-0.88896483,0.516061,-1.8734131
-0.33243448,-0.51559275,0.7765724,0.22280169,-0.544072
1.6787598,-0.75428164,0.022736406,1.2745606,-0.89269257
-0.0714592,1.5920044,-0.22833833,1.0236328,0.92322314
0.31787568,0.034221746,-1.1314102,0.16893768,-0.26594466
0.44028777,-0.21339265,0.25876254,1.1400696,-1.5844238
0.35527325,-0.26311988,-0.21487908,1.4211457,-1.0221176
0.26828918,0.47347862,0.40659028,1.061023,-0.99176633
0.018499946,0.78190774,-1.6066284,-0.19334145,1.8824463
1.6971924,0.21602325,0.9037449,1.1780182,-0.028100872
-0.36716232,-0.4891571,0.66042787,0.44750825,0.2532074
0.604332,-0.91045153,0.06896248,1.6399658,-1.3474487
-0.065211296,-0.47448045,0.41221467,0.899292,-0.4361786
0.6829834,-0.4101614,0.49780712,1.6053956,0.8225891
1.1134033,-0.27899283,0.67967683,0.6262299,-0.35608214
-0.93857116,0.15301938,0.22652511,0.25156823,-0.44301382
1.1225891,-0.5390177,0.51338196,0.759879,0.04949646
-0.20498295,-1.2040161,-0.06180687,0.12653275,-0.46426392
-0.15323181,0.025336076,-0.1704875,1.4989302,-0.3429865
0.3647522,-1.0683594,1.004956,0.2064476,-1.5153847
-0.26821765,-0.54065096,-0.9674927,1.7121093,0.41998655
0.5491684,0.0948122,0.0034263611,0.5871277,-0.91015625
0.54747313,-0.004195309,-0.8209839,0.7040772,-0.022901917
-0.8453604,0.6700317,1.5283935,0.75018674,0.40497208
0.45704,-1.3994964,-0.44289047,1.4153198,-0.106903456
1.2622559,0.10074635,2.1824708,0.52204305,0.33696517
-0.85090333,-0.3038513,0.31814462,1.055014,-0.2698242
1.7844604,-0.0611433,-0.4890728,0.7280033,-0.47853547
0.6694641,-0.22856312,-0.5492157,-1.8945587,-1.2007385
2.6026855,-0.33766955,-1.1420578,0.6815956,-1.330896
-0.79818267,-0.235104,-1.1234252,1.0261109,0.49162942
-0.69954824,-0.33490294,0.46233064,-0.052209854,-0.14598008
0.10873413,-0.2765236,-0.0043598176,0.9369049,-0.8666626
-1.7390137,-0.59496766,0.05716295,1.5754669,-0.504488
1.2061737,0.1515213,0.29265976,1.5091034,-0.086682126
-0.22337775,0.1472104,-0.26281053,0.9419403,-0.22976646
-0.7626358,0.003280449,-0.51162416,0.21991715,0.8721863
1.0594177,0.5018646,-0.22570634,-0.52298033,-0.15700646
-0.13939556,0.8871552,0.14544678,1.1822144,-0.52135926
0.77834433,-0.924967,0.32562104,1.2791672,0.18952712
0.15535393,-0.024065781,-1.1845703,1.327893,-4.2641115
-0.7536133,-0.43065634,-0.6295288,0.15556546,1.1124634
0.9794434,-0.42028314,0.39707106,1.7014892,0.03806305
0.11960888,-0.2573162,6.2835937,1.4593017,-0.059014894
-0.35243264,-1.9916137,0.4418518,2.0772338,-0.5012587
0.12319736,-0.42863885,-1.5420654,0.57550085,-0.098005295
1.2079589,0.2844925,0.0114048,1.6381652,-0.32018432
-0.9846802,-0.26228356,0.52061474,0.98807985,-0.18760696
0.0073436736,-0.07530819,-0.66245115,1.0916687,-0.132399
0.7749306,-0.56860656,-0.6416748,1.7750976,-0.5603722
0.40763474,-1.0775688,3.1818848,1.2494265,-1.1625077
0.9602417,-0.9764725,-1.8417237,0.94903564,-0.052182782
-0.34909096,-0.15499191,0.2688084,-0.13146591,-0.7075394
3.460205,0.13863811,0.16327743,1.3815186,-1.0585816
-1.2019775,0.47626305,0.11357784,1.430371,0.38956833
0.80164033,-0.1665996,0.47747612,1.0717285,-0.9262203
-0.36940593,-0.9994507,0.5317713,0.9727852,-2.9879394
1.6876587,0.1300705,-0.22440048,1.0646607,0.6810821
-0.65928346,0.017725825,-0.2593541,0.7574533,0.4294327
0.090460874,0.4599556,-0.20420532,0.79004765,-0.3084404
